{
  "id": "mm:arc_furnace_structure",
  "name": "Arc Furnace",
  "controllerIds": [
    "mm:arc_furnace_controller"
  ],
  "layout": [
    [
      "ISI",
      "SSS",
      "SSS"
    ],
    [
      "HHH",
      "HUH",
      "HHH"
    ],
    [
      "SES",
      "SSS",
      "SCS"
    ]
  ],
  "key": {
    "S": {
      "block": "kubejs:steel_casing"
    },
    "U": {
      "block": "create:blaze_burner"
    },
    "E": {
      "port": "mm:steel_energy_port"
    },
    "H": {
      "block": "kubejs:heatproof_casing"
    },
    "I": {
      "port": "mm:steel_item_port"
    }
  }
}