{
  "id": "mm:steel_recipe",
  "ticks": 100,
  "structureId": "mm:arc_furnace_structure",
  "inputs": [
    {
      "type": "mm:input/consume",
      "ingredient": {
        "type": "mm:item",
        "item": "ad_astra:steel_rod",
        "count": 1
      }
    },
    {
      "type": "mm:input/consume",
      "ingredient": {
        "type": "mm:energy",
        "amount": 2048
      }
    }
  ],
  "outputs": [
    {
      "type": "mm:output/simple",
      "ingredient": {
        "type": "mm:item",
        "item": "thermal:steel_ingot",
        "count": 1
      }
    }
  ]
}